<?xml version="1.0" encoding="UTF-8" standalone="yes"?>
<addon id="plugin.video.meczreplay" name="MeczReplay" version="0.0.3" provider-name="panee">
	<requires>
		<import addon="xbmc.python" version="2.19.0" /> 
		<import addon="script.module.resolveurl" version="5.0.09" />
		<import addon="script.module.beautifulsoup4" version="4.5.3"/>  
	</requires>
	<extension point="xbmc.python.pluginsource" library="playvideo.py">
		<provides>video</provides>
	</extension>
	<extension point="xbmc.addon.metadata">
		<summary lang="en">MeczReplay</summary>
		<description lang="en">MeczReplay</description>
		<platform>all</platform>
		<forum></forum>
		<website></website>
		<news></news>
		<genre>movies,tvshows,usa</genre>
		<video_guide></video_guide>
		<video_preview></video_preview>
	</extension>
</addon>
